{"cameraMode":{"drawMode":0,"name":"Shaded","section":"Shading Mode"},"sceneLighting":true,"audioPlay":false,"sceneViewState":{"showFog":false,"showMaterialUpdate":false,"showSkybox":false,"showFlares":false,"showImageEffects":false,"showParticleSystems":false},"in2DMode":false,"pivot":{"x":0.008639121428132058,"y":0.25856858491897585,"z":0.0009445741306990385},"rotation":{"x":0.015194348059594632,"y":0.5119956135749817,"z":0.009058102034032345,"w":-0.8588111996650696},"size":1.2189860343933106,"orthographic":false}