{"cameraMode":{"drawMode":0,"name":"Shaded","section":"Shading Mode"},"sceneLighting":false,"audioPlay":false,"sceneViewState":{"showFog":false,"showMaterialUpdate":false,"showSkybox":false,"showFlares":false,"showImageEffects":false,"showParticleSystems":false},"in2DMode":false,"pivot":{"x":-0.0000013709068298339844,"y":0.5006101131439209,"z":-0.04729387164115906},"rotation":{"x":-0.006373163312673569,"y":0.9762685298919678,"z":-0.21453289687633515,"w":-0.029002811759710313},"size":1.591299057006836,"orthographic":false}